{"cameraMode":{"drawMode":0,"name":"Shaded","section":"Shading Mode"},"sceneLighting":true,"audioPlay":false,"sceneViewState":{"m_AlwaysRefresh":false,"showFog":true,"showSkybox":true,"showFlares":true,"showImageEffects":true,"showParticleSystems":true,"showVisualEffectGraphs":true,"m_FxEnabled":true},"in2DMode":false,"pivot":{"x":432.4198913574219,"y":245.14505004882813,"z":106.23043823242188},"rotation":{"x":0.10033094882965088,"y":0.001492412993684411,"z":-0.0001504942774772644,"w":0.9949541687965393},"size":166.56626892089845,"orthographic":false}