{"cameraMode":{"drawMode":0,"name":"Shaded","section":"Shading Mode"},"sceneLighting":true,"audioPlay":false,"sceneViewState":{"m_AlwaysRefresh":false,"showFog":true,"showSkybox":true,"showFlares":true,"showImageEffects":true,"showParticleSystems":true,"showVisualEffectGraphs":true,"m_FxEnabled":true},"in2DMode":false,"pivot":{"x":-0.020399093627929689,"y":1.2251241207122803,"z":-0.12853121757507325},"rotation":{"x":0.009700221009552479,"y":-0.3876645267009735,"z":-0.004021621309220791,"w":-0.9217902421951294},"size":1.7005916833877564,"orthographic":true}