{"cameraMode":{"drawMode":0,"name":"Shaded","section":"Shading Mode"},"sceneLighting":true,"audioPlay":false,"sceneViewState":{"m_AlwaysRefresh":false,"showFog":true,"showSkybox":true,"showFlares":true,"showImageEffects":true,"showParticleSystems":true,"showVisualEffectGraphs":true,"m_FxEnabled":true},"in2DMode":false,"pivot":{"x":326.07391357421877,"y":-48.63675308227539,"z":62.85675048828125},"rotation":{"x":0.0649733766913414,"y":0.1712721735239029,"z":-0.011320404708385468,"w":0.9830146431922913},"size":243.38735961914063,"orthographic":false}