{"cameraMode":{"drawMode":0,"name":"Shaded","section":"Shading Mode"},"sceneLighting":true,"audioPlay":false,"sceneViewState":{"m_AlwaysRefresh":false,"showFog":true,"showSkybox":true,"showFlares":true,"showImageEffects":true,"showParticleSystems":true,"showVisualEffectGraphs":true,"m_FxEnabled":true},"in2DMode":false,"pivot":{"x":-2.620279312133789,"y":2.3450846672058107,"z":-0.5899766683578491},"rotation":{"x":-0.006077497266232967,"y":-0.8151869773864746,"z":0.008562651462852955,"w":-0.5791455507278442},"size":6.713597774505615,"orthographic":true}