{"cameraMode":{"drawMode":0,"name":"Shaded","section":"Shading Mode"},"sceneLighting":true,"audioPlay":false,"sceneViewState":{"m_AlwaysRefresh":false,"showFog":true,"showSkybox":true,"showFlares":true,"showImageEffects":true,"showParticleSystems":true,"showVisualEffectGraphs":true,"m_FxEnabled":true},"in2DMode":false,"pivot":{"x":-0.040798187255859378,"y":2.430248260498047,"z":-0.2570624351501465},"rotation":{"x":-0.12081356346607208,"y":-0.5057272911071777,"z":0.07179771363735199,"w":-0.8512053489685059},"size":5.567135334014893,"orthographic":true}